"Article"	"Article Name"	"Sections"	"Academics"	"Classifications"	"Geo-Spatial Coverages"	"Historical Coverages"	"Research Sample Characteristics"	"Types, Methods, Approaches"	"Contributors"	"Tags"	
"Lorem ipsum dolor sit amet, consectetur adipisicing elit, sed do eiusmod tempor incididunt ut labore et dolore magna aliqua.

Tache robert winston d’artagnan, d’artagnan d’artagnan Freddie mercury joseph stalin tache robert winston ding-dong, joseph stalin robert winston musketeer joseph stalin d’artagnan quis d’artagnan blue oyster bar Freddie mercury ding-dong tache?

Magnum pi barber shop quartet gent el snort? Sportacus hairy kiss. comb d’artagnan charming villain soup strainer, dickie davies frontiersman waxy gurn charming villain soup strainer hairy kiss. dodgy uncle clive hairy kiss. leader of men comb d’artagnan sportacus, d’artagnan frontiersman saddam hussein soup strainer frontiersman gent charming villain nuremberg rally hairy kiss. dodgy uncle clive comb leader of men sportacus waxy gurn dickie davies hairy kiss. dali?

Helllloooo arcu bogie basket off-piste helllloooo freestyle bruce forsyth educated?

Decathlon champion sterling nigel mansell lorreto del mar Milkshake issues 118 118 prince barin, lorreto del mar prince barin magnum pi sterling nigel mansell lorreto del mar 118 118 Fallen eyebrow decathlon champion Milkshake issues dali devilish cad.
"	"Hairy Ipsum"	"section1;section2"	"academics1;academics2;academics3"	"class1"	"geo1;geo2"	"historical1"	"res1;res2;res3"	"tma1;tma2"	"contri1"	"tag1;tag2;tag3"	
"Hodor! Hodor hodor, hodor; hodor hodor; hodor hodor, hodor. Hodor hodor. Hodor, hodor hodor, hodor, hodor hodor. Hodor! Hodor hodor, hodor hodor hodor hodor... Hodor hodor hodor. Hodor. Hodor HODOR hodor, hodor hodor hodor hodor. Hodor! Hodor hodor, HODOR hodor, hodor hodor.

Hodor! Hodor hodor, hodor - hodor? Hodor! Hodor hodor, hodor, hodor. Hodor hodor... Hodor hodor hodor. Hodor hodor - hodor, hodor. Hodor hodor; hodor hodor, hodor, hodor hodor. Hodor, hodor. Hodor. Hodor, hodor hodor... Hodor hodor hodor? Hodor hodor - hodor hodor?! Hodor! Hodor hodor, hodor... Hodor hodor hodor. Hodor! Hodor hodor, hodor hodor... Hodor hodor hodor; hodor HODOR hodor, hodor hodor. Hodor. Hodor, hodor. Hodor. Hodor, hodor hodor - hodor hodor!

Hodor hodor HODOR! Hodor hodor hodor; hodor hodor - hodor, hodor, hodor hodor. Hodor hodor - HODOR hodor, hodor hodor, hodor, hodor hodor. Hodor hodor - hodor; hodor hodor... Hodor hodor hodor? Hodor! Hodor hodor, hodor hodor? Hodor HODOR hodor, hodor hodor, hodor. Hodor hodor?! Hodor! Hodor hodor, hodor - hodor... Hodor hodor hodor?! "	"Hodor ipsum"	"section1;section2;section3"	"academics1"	"class2"	"geo1;geo2"	"historical1;historical3"	"res2"	"tma1;tma2"	"contri1;contri2"	"tag3;tag4"